員工,06:45,07:15,07:45,08:15,08:45,09:15,09:45,10:15,10:45,11:15,11:45,12:15,12:45,在崗,R
K1,R,1,1,1,R,9,9,9,R,25,25,25,25,10,3
K2,R,2,2,2,R,13,13,13,R,26,26,26,26,10,3
K3,R,3,3,3,R,15,15,15,R,27,27,27,27,10,3
K4,R,7,7,7,R,16,16,16,R,28,28,28,28,10,3
K5,9,R,17,17,17,R,25,25,25,R,29,29,29,10,3
K6,10,R,18,18,18,R,26,26,26,R,30,30,30,10,3
K7,11,R,19,19,19,R,27,27,27,R,Apc 1,Apc 1,Apc 1,10,3
K8,12,R,20,20,20,R,28,28,28,R,Apc 2,Apc 2,Apc 2,10,3
K9,24,24,R,Apc 2,Apc 2,Apc 2,R,8,8,8,R,Apc 6,Apc 6,10,3
K10,13,13,R,25,25,25,R,1,1,1,R,9,9,10,3
K11,14,14,R,26,26,26,R,2,2,2,R,10,10,10,3
K12,15,15,R,27,27,27,R,3,3,3,R,11,11,10,3
K13,25,25,25,R,1,1,1,R,9,9,9,R,17,10,3
K14,26,26,26,R,2,2,2,R,10,10,10,R,18,10,3
K15,27,27,27,R,3,3,3,R,11,11,11,R,19,10,3
K16,28,28,28,R,4,4,4,R,12,12,12,R,20,10,3
K17,Apc 7,Apc 7,Apc 7,Apc 7,R,10,10,10,R,17,17,17,R,10,3
K18,Apc 8,Apc 8,Apc 8,Apc 8,R,11,11,11,R,18,18,18,R,10,3
K19,Apc 9,Apc 9,Apc 9,Apc 9,R,12,12,12,R,19,19,19,R,10,3
K20,Apc 10,Apc 10,Apc 10,Apc 10,R,14,14,14,R,20,20,20,R,10,3
K21,R,9,9,9,9,R,21,21,21,R,1,1,1,10,3
K22,R,10,10,10,10,R,22,22,22,R,2,2,2,10,3
K23,R,11,11,11,11,R,23,23,23,R,3,3,3,10,3
K24,R,12,12,12,12,R,24,24,24,R,4,4,4,10,3
K25,1,R,21,21,21,21,R,4,4,4,R,12,12,10,3
K26,2,R,22,22,22,22,R,5,5,5,R,13,13,10,3
K27,3,R,23,23,23,23,R,6,6,6,R,14,14,10,3
K28,4,R,24,24,24,24,R,7,7,7,R,15,15,10,3
K29,16,16,R,Apc 3,Apc 3,Apc 3,Apc 3,R,13,13,13,R,21,10,3
K30,17,17,R,Apc 4,Apc 4,Apc 4,Apc 4,R,14,14,14,R,22,10,3
K31,18,18,R,Apc 5,Apc 5,Apc 5,Apc 5,R,15,15,15,R,23,10,3
K32,19,19,R,Apc 6,Apc 6,Apc 6,Apc 6,R,16,16,16,R,24,10,3
K33,29,29,29,R,Apc 7,Apc 7,Apc 7,Apc 7,R,21,21,21,R,10,3
K34,30,30,30,R,Apc 8,Apc 8,Apc 8,Apc 8,R,22,22,22,R,10,3
K35,Apc 1,Apc 1,Apc 1,R,Apc 9,Apc 9,Apc 9,Apc 9,R,23,23,23,R,10,3
K36,Apc 2,Apc 2,Apc 2,R,Apc 10,Apc 10,Apc 10,Apc 10,R,24,24,24,R,10,3
K37,R,4,4,4,R,17,17,17,17,R,5,5,5,10,3
K38,R,5,5,5,R,18,18,18,18,R,6,6,6,10,3
K39,R,6,6,6,R,19,19,19,19,R,7,7,7,10,3
K40,R,8,8,8,R,20,20,20,20,R,8,8,8,10,3
K41,5,R,13,13,13,R,29,29,29,29,R,16,16,10,3
K42,6,R,14,14,14,R,30,30,30,30,R,Apc 3,Apc 3,10,3
K43,7,R,15,15,15,R,Apc 1,Apc 1,Apc 1,Apc 1,R,Apc 4,Apc 4,10,3
K44,8,R,16,16,16,R,Apc 2,Apc 2,Apc 2,Apc 2,R,Apc 5,Apc 5,10,3
K45,20,20,R,28,28,28,R,Apc 3,Apc 3,Apc 3,Apc 3,R,Apc 7,10,3
K46,21,21,R,29,29,29,R,Apc 4,Apc 4,Apc 4,Apc 4,R,Apc 8,10,3
K47,22,22,R,30,30,30,R,Apc 5,Apc 5,Apc 5,Apc 5,R,Apc 9,10,3
K48,23,23,R,Apc 1,Apc 1,Apc 1,R,Apc 6,Apc 6,Apc 6,Apc 6,R,Apc 10,10,3
K49,Apc 3,Apc 3,Apc 3,R,5,5,5,R,Apc 7,Apc 7,Apc 7,Apc 7,R,10,3
K50,Apc 4,Apc 4,Apc 4,R,6,6,6,R,Apc 8,Apc 8,Apc 8,Apc 8,R,10,3
K51,Apc 5,Apc 5,Apc 5,R,7,7,7,R,Apc 9,Apc 9,Apc 9,Apc 9,R,10,3
K52,Apc 6,Apc 6,Apc 6,R,8,8,8,R,Apc 10,Apc 10,Apc 10,Apc 10,R,10,3
