員工,06:45,07:15,07:45,08:15,08:45,09:15,09:45,10:15,10:45,11:15,11:45,12:15,12:45,在崗,R
K1,R,A1,A1,A1,R,A5,A5,A5,R,A9,A9,A9,R,9,4
K2,R,A2,A2,A2,R,A6,A6,A6,R,A10,A10,A10,R,9,4
K3,R,A3,A3,A3,R,A7,A7,A7,R,A11,A11,A11,R,9,4
K4,R,A4,A4,A4,R,A8,A8,A8,R,A12,A12,A12,R,9,4
K5,A1,R,A5,A5,A5,R,A9,A9,A9,R,A1,A1,A1,10,3
K6,A2,R,A6,A6,A6,R,A10,A10,A10,R,A2,A2,A2,10,3
K7,A3,R,A7,A7,A7,R,A11,A11,A11,R,A3,A3,A3,10,3
K8,A4,R,A8,A8,A8,R,A12,A12,A12,R,A4,A4,A4,10,3
K9,A5,A5,R,A9,A9,A9,R,A1,A1,A1,R,A5,A5,10,3
K10,A6,A6,R,A10,A10,A10,R,A2,A2,A2,R,A6,A6,10,3
K11,A7,A7,R,A11,A11,A11,R,A3,A3,A3,R,A7,A7,10,3
K12,A8,A8,R,A12,A12,A12,R,A4,A4,A4,R,A8,A8,10,3
K13,A9,A9,A9,R,A1,A1,A1,R,A5,A5,A5,R,A9,10,3
K14,A10,A10,A10,R,A2,A2,A2,R,A6,A6,A6,R,A10,10,3
K15,A11,A11,A11,R,A3,A3,A3,R,A7,A7,A7,R,A11,10,3
K16,A12,A12,A12,R,A4,A4,A4,R,A8,A8,A8,R,A12,10,3
